Path;SteerAngle;Throttle;Brake;Speed;X_Position;Y_Position;Pitch;Yaw;Roll
/home/penn/robotics-nd/RoboND-Rover-Project/data/IMG/robocam_2018_12_13_16_27_09_886.jpg;0;0;1;0;99.66999;85.58897;0.0002356843;56.58164;-5.074231E-07
/home/penn/robotics-nd/RoboND-Rover-Project/data/IMG/robocam_2018_12_13_16_27_09_942.jpg;0;0;0;0;99.66999;85.58897;0.0002356843;56.58164;-5.074231E-07
/home/penn/robotics-nd/RoboND-Rover-Project/data/IMG/robocam_2018_12_13_16_27_10_009.jpg;0;0;0;0;99.66999;85.58897;0.0002356843;56.58164;-5.074231E-07
/home/penn/robotics-nd/RoboND-Rover-Project/data/IMG/robocam_2018_12_13_16_27_10_076.jpg;0;0;0;0;99.66999;85.58897;0.0002356843;56.58164;-5.074231E-07
/home/penn/robotics-nd/RoboND-Rover-Project/data/IMG/robocam_2018_12_13_16_27_10_143.jpg;0;0;0;0;99.66999;85.58897;0.0002356843;56.58164;-5.074231E-07
/home/penn/robotics-nd/RoboND-Rover-Project/data/IMG/robocam_2018_12_13_16_27_10_209.jpg;0;0;0;0;99.66999;85.58897;0.0002356843;56.58164;-5.074231E-07
/home/penn/robotics-nd/RoboND-Rover-Project/data/IMG/robocam_2018_12_13_16_27_10_276.jpg;0;0;0;0;99.66999;85.58897;0.0002356843;56.58164;-5.074231E-07
/home/penn/robotics-nd/RoboND-Rover-Project/data/IMG/robocam_2018_12_13_16_27_10_343.jpg;0;0;0;0;99.66999;85.58897;0.0002356843;56.58164;-5.074231E-07
/home/penn/robotics-nd/RoboND-Rover-Project/data/IMG/robocam_2018_12_13_16_27_10_409.jpg;0;0;0;0;99.66999;85.58897;0.0002356843;56.58164;-5.074231E-07
/home/penn/robotics-nd/RoboND-Rover-Project/data/IMG/robocam_2018_12_13_16_27_10_476.jpg;0;0;0;0;99.66999;85.58897;0.0002356843;56.58164;-5.074231E-07
/home/penn/robotics-nd/RoboND-Rover-Project/data/IMG/robocam_2018_12_13_16_27_10_543.jpg;0;0;0;0;99.66999;85.58897;0.0002356843;56.58164;-5.074231E-07
/home/penn/robotics-nd/RoboND-Rover-Project/data/IMG/robocam_2018_12_13_16_27_10_609.jpg;0;0;0;0;99.66999;85.58897;0.0002356843;56.58164;-5.074231E-07
/home/penn/robotics-nd/RoboND-Rover-Project/data/IMG/robocam_2018_12_13_16_27_10_676.jpg;4.015975;0;0;0;99.66999;85.58897;0.0002373216;57.30417;-2.066984E-06
/home/penn/robotics-nd/RoboND-Rover-Project/data/IMG/robocam_2018_12_13_16_27_10_743.jpg;0;0;0;0;99.66999;85.58897;0.0002370108;57.42699;-2.689421E-06
/home/penn/robotics-nd/RoboND-Rover-Project/data/IMG/robocam_2018_12_13_16_27_10_810.jpg;0;0;0;0;99.66999;85.58897;0.0002376254;57.42699;-2.509842E-06
/home/penn/robotics-nd/RoboND-Rover-Project/data/IMG/robocam_2018_12_13_16_27_10_877.jpg;0;0;0;0;99.66999;85.58897;0.000238415;57.42699;-2.167967E-06
/home/penn/robotics-nd/RoboND-Rover-Project/data/IMG/robocam_2018_12_13_16_27_10_943.jpg;0;0;0;0;99.66999;85.58897;0.0002389847;57.42699;-1.834742E-06
/home/penn/robotics-nd/RoboND-Rover-Project/data/IMG/robocam_2018_12_13_16_27_11_009.jpg;0;0;0;0;99.66999;85.58897;0.0002395545;57.42699;-1.50151E-06
/home/penn/robotics-nd/RoboND-Rover-Project/data/IMG/robocam_2018_12_13_16_27_11_076.jpg;0;0;0;0;99.66999;85.58897;0.0002400494;57.42699;-9.121762E-07
/home/penn/robotics-nd/RoboND-Rover-Project/data/IMG/robocam_2018_12_13_16_27_11_144.jpg;0;0;0;0;99.66999;85.58897;0.0002402669;57.42699;-5.150703E-07
/home/penn/robotics-nd/RoboND-Rover-Project/data/IMG/robocam_2018_12_13_16_27_11_209.jpg;0;0;0;0;99.66999;85.58897;0.000240397;57.42699;-1.991131E-07
/home/penn/robotics-nd/RoboND-Rover-Project/data/IMG/robocam_2018_12_13_16_27_11_276.jpg;0;0;0;0;99.66999;85.58897;0.0002399273;57.42699;-1.13952E-07
/home/penn/robotics-nd/RoboND-Rover-Project/data/IMG/robocam_2018_12_13_16_27_11_344.jpg;0;0;0;0;99.66999;85.58897;0.0002396776;57.42699;-2.015362E-08
/home/penn/robotics-nd/RoboND-Rover-Project/data/IMG/robocam_2018_12_13_16_27_11_410.jpg;0;0.198987;0;0;99.67013;85.5892;0.006055074;57.37985;-1.653749E-05
/home/penn/robotics-nd/RoboND-Rover-Project/data/IMG/robocam_2018_12_13_16_27_11_477.jpg;0;0.4007878;0;0;99.67102;85.59061;0.04126366;57.38632;2.155362E-05
/home/penn/robotics-nd/RoboND-Rover-Project/data/IMG/robocam_2018_12_13_16_27_11_541.jpg;0;0.596745;0;0.03318384;99.67315;85.59394;0.1233279;57.3912;-8.50774E-05
/home/penn/robotics-nd/RoboND-Rover-Project/data/IMG/robocam_2018_12_13_16_27_11_607.jpg;0;0.794682;0;0.08112808;99.67723;85.60029;0.2751664;57.11849;0.0008945582
/home/penn/robotics-nd/RoboND-Rover-Project/data/IMG/robocam_2018_12_13_16_27_11_675.jpg;0;0.9944787;0;0.1154884;99.68536;85.61291;0.5448445;57.25415;4.531876E-05
/home/penn/robotics-nd/RoboND-Rover-Project/data/IMG/robocam_2018_12_13_16_27_11_743.jpg;0;1;0;0.1627471;99.6936;85.6257;0.7793393;57.3492;-0.001175528
/home/penn/robotics-nd/RoboND-Rover-Project/data/IMG/robocam_2018_12_13_16_27_11_810.jpg;0;1;0;0.239658;99.70381;85.6416;1.039708;57.38847;-0.0006974611
/home/penn/robotics-nd/RoboND-Rover-Project/data/IMG/robocam_2018_12_13_16_27_11_876.jpg;0;1;0;0.2929448;99.71951;85.66594;1.333606;57.37069;-0.001146849
/home/penn/robotics-nd/RoboND-Rover-Project/data/IMG/robocam_2018_12_13_16_27_11_943.jpg;0;1;0;0.3403374;99.73044;85.68256;1.24718;57.31402;-0.002801495
/home/penn/robotics-nd/RoboND-Rover-Project/data/IMG/robocam_2018_12_13_16_27_12_009.jpg;0;1;0;0.42455;99.74304;85.70193;1.123031;57.38514;0.0001584321
/home/penn/robotics-nd/RoboND-Rover-Project/data/IMG/robocam_2018_12_13_16_27_12_083.jpg;0;1;0;0.4761161;99.76345;85.73328;1.070369;57.05404;0.001166458
/home/penn/robotics-nd/RoboND-Rover-Project/data/IMG/robocam_2018_12_13_16_27_12_143.jpg;0;1;0;0.5200207;99.78117;85.76057;1.09786;57.15438;-0.001245564
/home/penn/robotics-nd/RoboND-Rover-Project/data/IMG/robocam_2018_12_13_16_27_12_210.jpg;-1.494312;1;0;0.5878015;99.80074;85.79049;1.161753;57.10997;-0.0005512775
/home/penn/robotics-nd/RoboND-Rover-Project/data/IMG/robocam_2018_12_13_16_27_12_277.jpg;-4.497389;1;0;0.6116675;99.82986;85.8328;1.229709;56.87057;0.000632872
/home/penn/robotics-nd/RoboND-Rover-Project/data/IMG/robocam_2018_12_13_16_27_12_343.jpg;-1.481942;1;0;0.6664539;99.8531;85.86669;1.234225;56.67493;-0.0007130931
/home/penn/robotics-nd/RoboND-Rover-Project/data/IMG/robocam_2018_12_13_16_27_12_410.jpg;0;1;0;0.7450272;99.87774;85.9036;1.224861;56.67491;-0.001403391
/home/penn/robotics-nd/RoboND-Rover-Project/data/IMG/robocam_2018_12_13_16_27_12_476.jpg;0;1;0;0.7922009;99.91313;85.95699;1.203221;56.73283;-0.0004697058
/home/penn/robotics-nd/RoboND-Rover-Project/data/IMG/robocam_2018_12_13_16_27_12_544.jpg;0;1;0;0.8334033;99.94139;85.99966;1.196719;56.71848;-0.0001589166
/home/penn/robotics-nd/RoboND-Rover-Project/data/IMG/robocam_2018_12_13_16_27_12_610.jpg;-3.041636;1;0;0.9173551;99.97238;86.04546;1.223793;56.59628;-0.0001512058
/home/penn/robotics-nd/RoboND-Rover-Project/data/IMG/robocam_2018_12_13_16_27_12_676.jpg;-3.035327;1;0;0.9599421;100.0173;86.10922;1.237749;56.25401;0.0008060971
/home/penn/robotics-nd/RoboND-Rover-Project/data/IMG/robocam_2018_12_13_16_27_12_743.jpg;-0.04188538;1;0;1.014683;100.0522;86.15997;1.22936;56.16533;-0.0003674474
/home/penn/robotics-nd/RoboND-Rover-Project/data/IMG/robocam_2018_12_13_16_27_12_810.jpg;0;1;0;1.074215;100.0881;86.21307;1.214838;56.14111;0.0002233387
/home/penn/robotics-nd/RoboND-Rover-Project/data/IMG/robocam_2018_12_13_16_27_12_877.jpg;0;1;0;1.121907;100.1388;86.28797;1.231748;56.07299;-0.0004660013
/home/penn/robotics-nd/RoboND-Rover-Project/data/IMG/robocam_2018_12_13_16_27_12_944.jpg;0;1;0;1.164447;100.1785;86.34656;1.229634;56.04792;-0.0009146021
/home/penn/robotics-nd/RoboND-Rover-Project/data/IMG/robocam_2018_12_13_16_27_13_010.jpg;0;1;0;1.230409;100.2199;86.40754;1.2272;56.01333;-0.0006139239
/home/penn/robotics-nd/RoboND-Rover-Project/data/IMG/robocam_2018_12_13_16_27_13_077.jpg;0;1;0;1.275495;100.2777;86.49267;1.235531;55.97498;-0.0007932867
/home/penn/robotics-nd/RoboND-Rover-Project/data/IMG/robocam_2018_12_13_16_27_13_143.jpg;-3.002754;1;0;1.322365;100.3237;86.55858;1.235958;55.78891;0.0003230684
/home/penn/robotics-nd/RoboND-Rover-Project/data/IMG/robocam_2018_12_13_16_27_13_210.jpg;-5.992377;1;0;1.384746;100.3725;86.62602;1.239572;55.37876;0.001439746
/home/penn/robotics-nd/RoboND-Rover-Project/data/IMG/robocam_2018_12_13_16_27_13_276.jpg;-8.964768;1;0;1.430735;100.4425;86.71737;1.23594;54.41567;-0.002925469
/home/penn/robotics-nd/RoboND-Rover-Project/data/IMG/robocam_2018_12_13_16_27_13_343.jpg;-8.949695;1;0;1.47652;100.4988;86.78714;1.238229;53.50681;359.9849
/home/penn/robotics-nd/RoboND-Rover-Project/data/IMG/robocam_2018_12_13_16_27_13_409.jpg;-5.964299;1;0;1.539184;100.5568;86.85902;1.240983;52.74443;-0.001993255
/home/penn/robotics-nd/RoboND-Rover-Project/data/IMG/robocam_2018_12_13_16_27_13_477.jpg;-2.949346;1;0;1.586977;100.6372;86.95836;1.256311;52.114;0.001442397
/home/penn/robotics-nd/RoboND-Rover-Project/data/IMG/robocam_2018_12_13_16_27_13_541.jpg;-0.02839923;1;0;1.632275;100.6991;87.0358;1.268651;51.95158;-0.0001442964
/home/penn/robotics-nd/RoboND-Rover-Project/data/IMG/robocam_2018_12_13_16_27_13_607.jpg;0;1;0;1.693349;100.7621;87.11553;1.267367;51.91884;-0.0008906504
/home/penn/robotics-nd/RoboND-Rover-Project/data/IMG/robocam_2018_12_13_16_27_13_676.jpg;0;1;0;1.739818;100.8489;87.22538;1.276052;51.90063;-0.001018725
/home/penn/robotics-nd/RoboND-Rover-Project/data/IMG/robocam_2018_12_13_16_27_13_743.jpg;0;1;0;1.784935;100.9159;87.31018;1.277534;51.89087;-0.001049469
/home/penn/robotics-nd/RoboND-Rover-Project/data/IMG/robocam_2018_12_13_16_27_13_809.jpg;0;1;0;1.846376;100.9847;87.39716;1.281361;51.87962;-0.001068925
/home/penn/robotics-nd/RoboND-Rover-Project/data/IMG/robocam_2018_12_13_16_27_13_876.jpg;0;1;0;1.891713;101.0791;87.51645;1.287986;51.86398;-0.001075253
/home/penn/robotics-nd/RoboND-Rover-Project/data/IMG/robocam_2018_12_13_16_27_13_943.jpg;0;1;0;1.936913;101.1519;87.60838;1.292481;51.85288;-0.001086944
/home/penn/robotics-nd/RoboND-Rover-Project/data/IMG/robocam_2018_12_13_16_27_14_009.jpg;0;1;0;1.996319;101.2264;87.70238;1.295889;51.84171;-0.001103197
/home/penn/robotics-nd/RoboND-Rover-Project/data/IMG/robocam_2018_12_13_16_27_14_077.jpg;0;1;0;2.041724;101.3283;87.831;1.301971;51.82694;-0.001135145
/home/penn/robotics-nd/RoboND-Rover-Project/data/IMG/robocam_2018_12_13_16_27_14_126.jpg;0;1;0;2.071652;101.3803;87.89668;1.302792;51.82048;-0.001170213
/home/penn/robotics-nd/RoboND-Rover-Project/data/IMG/robocam_2018_12_13_16_27_14_177.jpg;0;1;0;2.116272;101.4599;87.99695;1.30615;51.8078;-0.001166158
/home/penn/robotics-nd/RoboND-Rover-Project/data/IMG/robocam_2018_12_13_16_27_14_244.jpg;0;1;0;2.160452;101.541;88.09927;1.3086;51.79719;-0.001173444
/home/penn/robotics-nd/RoboND-Rover-Project/data/IMG/robocam_2018_12_13_16_27_14_310.jpg;0;1;0;2.219429;101.6239;88.20371;1.314405;51.78533;-0.001204671
/home/penn/robotics-nd/RoboND-Rover-Project/data/IMG/robocam_2018_12_13_16_27_14_377.jpg;0;1;0;2.263577;101.737;88.34607;1.316344;51.77017;-0.001213559
/home/penn/robotics-nd/RoboND-Rover-Project/data/IMG/robocam_2018_12_13_16_27_14_444.jpg;0;1;0;2.307283;101.8238;88.4553;1.323583;51.75886;-0.001258051
/home/penn/robotics-nd/RoboND-Rover-Project/data/IMG/robocam_2018_12_13_16_27_14_510.jpg;0;1;0;2.365666;101.9121;88.56647;1.323424;51.74766;-0.001247643
/home/penn/robotics-nd/RoboND-Rover-Project/data/IMG/robocam_2018_12_13_16_27_14_577.jpg;0;1;0;2.409052;102.0325;88.71792;1.329331;51.73223;-0.001275668
/home/penn/robotics-nd/RoboND-Rover-Project/data/IMG/robocam_2018_12_13_16_27_14_643.jpg;0;1;0;2.45231;102.1248;88.83382;1.332084;51.72242;-0.00130217
/home/penn/robotics-nd/RoboND-Rover-Project/data/IMG/robocam_2018_12_13_16_27_14_709.jpg;0;1;0;2.510072;102.2186;88.95171;1.330962;51.70926;-0.001281246
/home/penn/robotics-nd/RoboND-Rover-Project/data/IMG/robocam_2018_12_13_16_27_14_777.jpg;0;1;0;2.552966;102.3463;89.11203;1.333873;51.69335;-0.001306494
/home/penn/robotics-nd/RoboND-Rover-Project/data/IMG/robocam_2018_12_13_16_27_14_844.jpg;0;1;0;2.595715;102.444;89.23463;1.338524;51.6815;-0.001318933
/home/penn/robotics-nd/RoboND-Rover-Project/data/IMG/robocam_2018_12_13_16_27_14_910.jpg;0;1;0;2.652518;102.5433;89.35923;1.344023;51.66974;-0.001343969
/home/penn/robotics-nd/RoboND-Rover-Project/data/IMG/robocam_2018_12_13_16_27_14_977.jpg;0;1;0;2.694983;102.6782;89.52841;1.350602;51.6543;-0.001380295
/home/penn/robotics-nd/RoboND-Rover-Project/data/IMG/robocam_2018_12_13_16_27_15_044.jpg;0;1;0;2.737328;102.7812;89.65757;1.353861;51.64284;-0.001404076
/home/penn/robotics-nd/RoboND-Rover-Project/data/IMG/robocam_2018_12_13_16_27_15_110.jpg;0;1;0;2.793578;102.8859;89.78867;1.355316;51.63135;-0.001403569
/home/penn/robotics-nd/RoboND-Rover-Project/data/IMG/robocam_2018_12_13_16_27_15_176.jpg;0;1;0;2.83559;103.0279;89.96644;1.354884;51.61563;-0.001402875
/home/penn/robotics-nd/RoboND-Rover-Project/data/IMG/robocam_2018_12_13_16_27_15_244.jpg;0;1;0;2.877438;103.1363;90.10212;1.360615;51.60307;-0.001305815
/home/penn/robotics-nd/RoboND-Rover-Project/data/IMG/robocam_2018_12_13_16_27_15_310.jpg;0;1;0;2.932746;103.2463;90.23971;1.365958;51.58921;-0.00143763
/home/penn/robotics-nd/RoboND-Rover-Project/data/IMG/robocam_2018_12_13_16_27_15_377.jpg;0;1;0;2.974317;103.3954;90.42608;1.367291;51.57266;-0.001456712
/home/penn/robotics-nd/RoboND-Rover-Project/data/IMG/robocam_2018_12_13_16_27_15_444.jpg;-1.528022;1;0;3.015737;103.5094;90.56788;1.371458;51.4854;-0.0009864978
/home/penn/robotics-nd/RoboND-Rover-Project/data/IMG/robocam_2018_12_13_16_27_15_508.jpg;-4.515928;1;0;3.069646;103.6261;90.71043;1.368518;51.12638;0.0004842011
/home/penn/robotics-nd/RoboND-Rover-Project/data/IMG/robocam_2018_12_13_16_27_15_574.jpg;-7.443677;1;0;3.109836;103.7875;90.90032;1.355944;50.05371;-0.0002918055
/home/penn/robotics-nd/RoboND-Rover-Project/data/IMG/robocam_2018_12_13_16_27_15_642.jpg;-10.42821;1;0;3.148348;103.9142;91.04081;1.324219;48.76938;359.9414
/home/penn/robotics-nd/RoboND-Rover-Project/data/IMG/robocam_2018_12_13_16_27_15_710.jpg;-13.50689;1;0;3.196767;104.0457;91.17811;1.226305;47.06366;359.8425
/home/penn/robotics-nd/RoboND-Rover-Project/data/IMG/robocam_2018_12_13_16_27_15_777.jpg;-10.51344;1;0;3.235033;104.2283;91.3567;1.002542;44.67597;359.6722
/home/penn/robotics-nd/RoboND-Rover-Project/data/IMG/robocam_2018_12_13_16_27_15_844.jpg;-7.495111;1;0;3.27529;104.3702;91.48889;0.8122571;43.24261;359.5262
/home/penn/robotics-nd/RoboND-Rover-Project/data/IMG/robocam_2018_12_13_16_27_15_910.jpg;-4.518492;1;0;3.329106;104.5157;91.62083;0.6310232;42.19521;359.3845
/home/penn/robotics-nd/RoboND-Rover-Project/data/IMG/robocam_2018_12_13_16_27_15_977.jpg;-1.464036;1;0;3.368629;104.7142;91.79839;0.4278016;41.44285;359.2488
/home/penn/robotics-nd/RoboND-Rover-Project/data/IMG/robocam_2018_12_13_16_27_16_043.jpg;0;1;0;3.407738;104.8661;91.93371;0.3225529;41.27824;359.1979
/home/penn/robotics-nd/RoboND-Rover-Project/data/IMG/robocam_2018_12_13_16_27_16_109.jpg;0;1;0;3.4593;105.0209;92.07088;0.2801936;41.24418;359.1682
/home/penn/robotics-nd/RoboND-Rover-Project/data/IMG/robocam_2018_12_13_16_27_16_177.jpg;0;1;0;3.49749;105.231;92.25685;0.2967887;41.25262;359.1851
/home/penn/robotics-nd/RoboND-Rover-Project/data/IMG/robocam_2018_12_13_16_27_16_244.jpg;0;1;0;3.535056;105.3912;92.3986;0.3562061;41.26894;359.2377
/home/penn/robotics-nd/RoboND-Rover-Project/data/IMG/robocam_2018_12_13_16_27_16_310.jpg;0;1;0;3.586363;105.5537;92.54224;0.4550563;41.2849;359.315
/home/penn/robotics-nd/RoboND-Rover-Project/data/IMG/robocam_2018_12_13_16_27_16_377.jpg;0;1;0;3.624313;105.7737;92.73672;0.6356266;41.30898;359.4523
/home/penn/robotics-nd/RoboND-Rover-Project/data/IMG/robocam_2018_12_13_16_27_16_443.jpg;0;1;0;3.662213;105.941;92.88473;0.8005713;41.33193;359.5743
/home/penn/robotics-nd/RoboND-Rover-Project/data/IMG/robocam_2018_12_13_16_27_16_510.jpg;0;1;0;3.712648;106.1102;93.03456;0.984049;41.35697;359.7079
/home/penn/robotics-nd/RoboND-Rover-Project/data/IMG/robocam_2018_12_13_16_27_16_577.jpg;0;1;0;3.750397;106.3384;93.23706;1.240342;41.4011;359.9026
/home/penn/robotics-nd/RoboND-Rover-Project/data/IMG/robocam_2018_12_13_16_27_16_643.jpg;0;1;0;3.787923;106.512;93.39021;1.434906;41.41194;-0.000672878
/home/penn/robotics-nd/RoboND-Rover-Project/data/IMG/robocam_2018_12_13_16_27_16_710.jpg;0;1;0;3.839236;106.6865;93.54212;1.482993;41.39123;-0.003181799
/home/penn/robotics-nd/RoboND-Rover-Project/data/IMG/robocam_2018_12_13_16_27_16_777.jpg;0;1;0;3.883912;106.9203;93.74603;1.418118;41.37057;-0.001031835
/home/penn/robotics-nd/RoboND-Rover-Project/data/IMG/robocam_2018_12_13_16_27_16_843.jpg;0;1;0;3.92148;107.098;93.901;1.395134;41.34498;-0.001053015
/home/penn/robotics-nd/RoboND-Rover-Project/data/IMG/robocam_2018_12_13_16_27_16_910.jpg;0;1;0;3.971218;107.2777;94.05768;1.394087;41.31815;-0.001094488
/home/penn/robotics-nd/RoboND-Rover-Project/data/IMG/robocam_2018_12_13_16_27_16_977.jpg;0;1;0;4.008416;107.5203;94.2691;1.420398;41.28221;-0.00116293
/home/penn/robotics-nd/RoboND-Rover-Project/data/IMG/robocam_2018_12_13_16_27_17_043.jpg;0;1;0;4.045533;107.7045;94.4294;1.451945;41.25423;-0.001681674
/home/penn/robotics-nd/RoboND-Rover-Project/data/IMG/robocam_2018_12_13_16_27_17_109.jpg;0;1;0;4.095169;107.8902;94.5909;1.465246;41.23229;-0.001873418
/home/penn/robotics-nd/RoboND-Rover-Project/data/IMG/robocam_2018_12_13_16_27_17_177.jpg;0;1;0;4.133067;108.1402;94.80813;1.457457;41.21099;-0.001376889
/home/penn/robotics-nd/RoboND-Rover-Project/data/IMG/robocam_2018_12_13_16_27_17_243.jpg;0;1;0;4.17081;108.33;94.97282;1.463664;41.18916;-0.001237095
/home/penn/robotics-nd/RoboND-Rover-Project/data/IMG/robocam_2018_12_13_16_27_17_310.jpg;0;1;0;4.219906;108.5214;95.13884;1.468062;41.16371;-0.001739761
/home/penn/robotics-nd/RoboND-Rover-Project/data/IMG/robocam_2018_12_13_16_27_17_377.jpg;0;1;0;4.256326;108.7794;95.36234;1.471557;41.1326;-0.001768482
/home/penn/robotics-nd/RoboND-Rover-Project/data/IMG/robocam_2018_12_13_16_27_17_444.jpg;0;1;0;4.293659;108.9749;95.53157;1.475929;41.10856;-0.00177361
/home/penn/robotics-nd/RoboND-Rover-Project/data/IMG/robocam_2018_12_13_16_27_17_508.jpg;0;1;0;4.341887;109.1721;95.70214;1.478706;41.08518;-0.001411384
/home/penn/robotics-nd/RoboND-Rover-Project/data/IMG/robocam_2018_12_13_16_27_17_574.jpg;-2.89494;1;0;4.378236;109.4385;95.93069;1.480999;40.8378;-0.0008766915
/home/penn/robotics-nd/RoboND-Rover-Project/data/IMG/robocam_2018_12_13_16_27_17_642.jpg;-5.89365;1;0;4.4149;109.6419;96.10174;1.479602;40.30182;0.0003490964
/home/penn/robotics-nd/RoboND-Rover-Project/data/IMG/robocam_2018_12_13_16_27_17_709.jpg;-8.951797;1;0;4.461627;109.8488;96.2713;1.463503;39.40009;0.0006719256
/home/penn/robotics-nd/RoboND-Rover-Project/data/IMG/robocam_2018_12_13_16_27_17_777.jpg;-11.9699;1;0;4.494715;110.132;96.49144;1.380172;37.53872;359.9067
/home/penn/robotics-nd/RoboND-Rover-Project/data/IMG/robocam_2018_12_13_16_27_17_844.jpg;-14.99508;1;0;4.527049;110.35;96.64944;1.205143;35.60745;359.756
/home/penn/robotics-nd/RoboND-Rover-Project/data/IMG/robocam_2018_12_13_16_27_17_909.jpg;-15;1;0;4.567981;110.573;96.79996;0.9275908;33.40493;359.5329
/home/penn/robotics-nd/RoboND-Rover-Project/data/IMG/robocam_2018_12_13_16_27_17_976.jpg;-15;1;0;4.596368;110.8781;96.9882;0.4146017;30.35908;359.1279
/home/penn/robotics-nd/RoboND-Rover-Project/data/IMG/robocam_2018_12_13_16_27_18_044.jpg;-15;1;0;4.624586;111.1129;97.11929;359.9446;28.11623;358.7448
/home/penn/robotics-nd/RoboND-Rover-Project/data/IMG/robocam_2018_12_13_16_27_18_109.jpg;-12.02563;1;0;4.648979;111.3545;97.24908;359.724;26.29779;358.5659
/home/penn/robotics-nd/RoboND-Rover-Project/data/IMG/robocam_2018_12_13_16_27_18_177.jpg;-9.024714;1;0;4.654412;111.6861;97.41866;359.767;24.44939;358.6363
/home/penn/robotics-nd/RoboND-Rover-Project/data/IMG/robocam_2018_12_13_16_27_18_244.jpg;-6.035371;1;0;4.661245;111.9433;97.54179;0.0443037;23.36082;358.8551
/home/penn/robotics-nd/RoboND-Rover-Project/data/IMG/robocam_2018_12_13_16_27_18_310.jpg;-3.038367;1;0;4.737261;112.2065;97.65839;0.266728;22.31766;359.0789
/home/penn/robotics-nd/RoboND-Rover-Project/data/IMG/robocam_2018_12_13_16_27_18_376.jpg;-0.02525926;1;0;4.772553;112.5626;97.80704;0.4781695;21.58819;359.2959
/home/penn/robotics-nd/RoboND-Rover-Project/data/IMG/robocam_2018_12_13_16_27_18_443.jpg;0;1;0;4.807548;112.8332;97.91617;0.6287419;21.41147;359.4161
/home/penn/robotics-nd/RoboND-Rover-Project/data/IMG/robocam_2018_12_13_16_27_18_509.jpg;0;1;0;4.853341;113.1063;98.02489;0.788469;21.35918;359.5241
/home/penn/robotics-nd/RoboND-Rover-Project/data/IMG/robocam_2018_12_13_16_27_18_577.jpg;0;1;0;4.887182;113.4738;98.17056;1.004291;21.3665;359.6821
/home/penn/robotics-nd/RoboND-Rover-Project/data/IMG/robocam_2018_12_13_16_27_18_643.jpg;0;1;0;4.920954;113.7517;98.28061;1.173206;21.39377;359.8046
/home/penn/robotics-nd/RoboND-Rover-Project/data/IMG/robocam_2018_12_13_16_27_18_709.jpg;0;1;0;4.965599;114.0316;98.3916;1.346181;21.43308;359.9323
/home/penn/robotics-nd/RoboND-Rover-Project/data/IMG/robocam_2018_12_13_16_27_18_777.jpg;0;1;0;4.999098;114.4075;98.53895;1.54154;21.44028;-0.001898572
/home/penn/robotics-nd/RoboND-Rover-Project/data/IMG/robocam_2018_12_13_16_27_18_844.jpg;0;1;0;5.008952;114.6869;98.64742;1.454023;21.29204;0.00251117
/home/penn/robotics-nd/RoboND-Rover-Project/data/IMG/robocam_2018_12_13_16_27_18_909.jpg;1.485128;1;0;5.015393;114.9657;98.75561;1.368454;21.5163;-0.000912037
/home/penn/robotics-nd/RoboND-Rover-Project/data/IMG/robocam_2018_12_13_16_27_18_976.jpg;4.504813;1;0;5.016887;115.3378;98.90309;1.311702;21.82679;0.01942737
/home/penn/robotics-nd/RoboND-Rover-Project/data/IMG/robocam_2018_12_13_16_27_19_043.jpg;7.518908;1;0;4.987962;115.6149;99.01754;1.272946;22.60439;0.1015142
/home/penn/robotics-nd/RoboND-Rover-Project/data/IMG/robocam_2018_12_13_16_27_19_109.jpg;4.517634;1;0;5.017636;115.891;99.13536;1.25025;23.37854;0.2377492
/home/penn/robotics-nd/RoboND-Rover-Project/data/IMG/robocam_2018_12_13_16_27_19_177.jpg;1.546369;1;0;4.994219;116.2574;99.2921;1.100382;24.09683;0.2828785
/home/penn/robotics-nd/RoboND-Rover-Project/data/IMG/robocam_2018_12_13_16_27_19_243.jpg;0;1;0;5.005831;116.5312;99.41232;1.013514;24.27171;0.3492317
/home/penn/robotics-nd/RoboND-Rover-Project/data/IMG/robocam_2018_12_13_16_27_19_309.jpg;0;1;0;5.015445;116.8054;99.53372;0.9601527;24.30773;0.4084458
/home/penn/robotics-nd/RoboND-Rover-Project/data/IMG/robocam_2018_12_13_16_27_19_377.jpg;0;1;0;4.999406;117.1716;99.69614;0.9236979;24.29552;0.4410194
/home/penn/robotics-nd/RoboND-Rover-Project/data/IMG/robocam_2018_12_13_16_27_19_444.jpg;0;1;0;4.999278;117.4463;99.81808;0.9100567;24.2499;0.4270359
/home/penn/robotics-nd/RoboND-Rover-Project/data/IMG/robocam_2018_12_13_16_27_19_508.jpg;1.513077;1;0;5.026339;117.7209;99.94038;0.9237;24.20924;0.4019463
/home/penn/robotics-nd/RoboND-Rover-Project/data/IMG/robocam_2018_12_13_16_27_19_574.jpg;4.428402;1;0;5.015477;118.0872;100.1066;0.9892653;24.57341;0.3923288
/home/penn/robotics-nd/RoboND-Rover-Project/data/IMG/robocam_2018_12_13_16_27_19_642.jpg;7.418336;1;0;4.998238;118.3597;100.2336;0.9961458;25.21128;0.3843429
/home/penn/robotics-nd/RoboND-Rover-Project/data/IMG/robocam_2018_12_13_16_27_19_710.jpg;10.47874;1;0;4.989733;118.6291;100.3652;0.959424;26.2179;0.4240661
/home/penn/robotics-nd/RoboND-Rover-Project/data/IMG/robocam_2018_12_13_16_27_19_776.jpg;13.50585;1;0;5.00543;118.9822;100.5495;0.8241139;28.34499;0.5599419
/home/penn/robotics-nd/RoboND-Rover-Project/data/IMG/robocam_2018_12_13_16_27_19_844.jpg;15;1;0;5.015702;119.2399;100.6951;0.5811476;30.34768;0.7151754
/home/penn/robotics-nd/RoboND-Rover-Project/data/IMG/robocam_2018_12_13_16_27_19_910.jpg;15;1;0;5.009094;119.4913;100.8492;0.2916863;32.42213;0.9850624
/home/penn/robotics-nd/RoboND-Rover-Project/data/IMG/robocam_2018_12_13_16_27_19_977.jpg;15;1;0;5.006268;119.8182;101.0646;359.8284;35.17032;1.322259
/home/penn/robotics-nd/RoboND-Rover-Project/data/IMG/robocam_2018_12_13_16_27_20_043.jpg;15;1;0;5.001983;120.0625;101.2343;359.7213;36.92079;1.42794
/home/penn/robotics-nd/RoboND-Rover-Project/data/IMG/robocam_2018_12_13_16_27_20_111.jpg;15;1;0;5.001006;120.3065;101.412;359.8657;38.61097;1.325971
/home/penn/robotics-nd/RoboND-Rover-Project/data/IMG/robocam_2018_12_13_16_27_20_177.jpg;15;1;0;5.037524;120.6217;101.6655;0.1146673;41.31746;1.222886
/home/penn/robotics-nd/RoboND-Rover-Project/data/IMG/robocam_2018_12_13_16_27_20_243.jpg;15;1;0;5.004516;120.8466;101.863;0.09834709;43.49035;1.151494
/home/penn/robotics-nd/RoboND-Rover-Project/data/IMG/robocam_2018_12_13_16_27_20_309.jpg;15;1;0;5.016043;121.0613;102.0693;359.9801;45.77428;1.173616
/home/penn/robotics-nd/RoboND-Rover-Project/data/IMG/robocam_2018_12_13_16_27_20_377.jpg;13.4633;1;0;5.012801;121.3367;102.3601;0.03180867;48.47962;1.315394
/home/penn/robotics-nd/RoboND-Rover-Project/data/IMG/robocam_2018_12_13_16_27_20_443.jpg;10.49334;1;0;5.004689;121.5368;102.5821;359.9912;50.13941;1.289446
/home/penn/robotics-nd/RoboND-Rover-Project/data/IMG/robocam_2018_12_13_16_27_20_510.jpg;7.507732;1;0;5.002849;121.7336;102.8099;0.02399059;51.48532;1.11135
/home/penn/robotics-nd/RoboND-Rover-Project/data/IMG/robocam_2018_12_13_16_27_20_577.jpg;4.49957;1;0;5.010783;121.9826;103.1235;0.02859098;52.92795;1.078048
/home/penn/robotics-nd/RoboND-Rover-Project/data/IMG/robocam_2018_12_13_16_27_20_643.jpg;1.496944;1;0;5.010963;122.1648;103.3622;0.01877496;53.54317;1.071573
/home/penn/robotics-nd/RoboND-Rover-Project/data/IMG/robocam_2018_12_13_16_27_20_709.jpg;0;1;0;5.0116;122.3454;103.6027;0.02257658;53.8047;1.038317
/home/penn/robotics-nd/RoboND-Rover-Project/data/IMG/robocam_2018_12_13_16_27_20_778.jpg;0;1;0;5.011615;122.5844;103.9256;0.07213637;53.92008;0.9775221
/home/penn/robotics-nd/RoboND-Rover-Project/data/IMG/robocam_2018_12_13_16_27_20_844.jpg;0;1;0;5.01151;122.7632;104.1692;0.1587791;53.93946;0.9192643
/home/penn/robotics-nd/RoboND-Rover-Project/data/IMG/robocam_2018_12_13_16_27_20_909.jpg;0;1;0;5.004521;122.9423;104.4141;0.3046569;53.95296;0.8509278
/home/penn/robotics-nd/RoboND-Rover-Project/data/IMG/robocam_2018_12_13_16_27_20_976.jpg;0;1;0;5.01735;123.1813;104.7404;0.5110237;53.94753;0.6998705
/home/penn/robotics-nd/RoboND-Rover-Project/data/IMG/robocam_2018_12_13_16_27_21_043.jpg;0;1;0;5.006566;123.3606;104.9852;0.6713181;53.93156;0.5534032
/home/penn/robotics-nd/RoboND-Rover-Project/data/IMG/robocam_2018_12_13_16_27_21_109.jpg;3.023365;1;0;5.007699;123.5393;105.2312;0.8564044;54.05569;0.4235488
/home/penn/robotics-nd/RoboND-Rover-Project/data/IMG/robocam_2018_12_13_16_27_21_177.jpg;6.000563;1;0;5.014146;123.7742;105.5613;1.097673;54.67783;0.3080649
/home/penn/robotics-nd/RoboND-Rover-Project/data/IMG/robocam_2018_12_13_16_27_21_243.jpg;9.01822;1;0;5.004629;123.9462;105.8098;1.196802;55.55947;0.2335031
/home/penn/robotics-nd/RoboND-Rover-Project/data/IMG/robocam_2018_12_13_16_27_21_310.jpg;11.99592;1;0;4.965002;124.1116;106.0607;1.219468;56.82661;0.2348299
/home/penn/robotics-nd/RoboND-Rover-Project/data/IMG/robocam_2018_12_13_16_27_21_377.jpg;8.979982;1;0;5.028138;124.3234;106.3983;1.123331;58.60535;0.3059473
/home/penn/robotics-nd/RoboND-Rover-Project/data/IMG/robocam_2018_12_13_16_27_21_443.jpg;5.990457;1;0;5.021655;124.4775;106.6546;1.014412;59.82359;0.3923736
/home/penn/robotics-nd/RoboND-Rover-Project/data/IMG/robocam_2018_12_13_16_27_21_508.jpg;6.018394;1;0;5.012138;124.6274;106.9119;0.8539121;60.73162;0.485688
/home/penn/robotics-nd/RoboND-Rover-Project/data/IMG/robocam_2018_12_13_16_27_21_574.jpg;8.904247;1;0;5.010771;124.8185;107.2593;0.6163378;62.05415;0.7067134
/home/penn/robotics-nd/RoboND-Rover-Project/data/IMG/robocam_2018_12_13_16_27_21_641.jpg;11.90439;1;0;5.010205;124.9545;107.5223;0.3752608;63.3946;0.9001604
/home/penn/robotics-nd/RoboND-Rover-Project/data/IMG/robocam_2018_12_13_16_27_21_710.jpg;8.836741;1;0;5.010672;125.084;107.7874;0.08033842;64.84375;1.107321
/home/penn/robotics-nd/RoboND-Rover-Project/data/IMG/robocam_2018_12_13_16_27_21_777.jpg;5.810308;1;0;5.010078;125.2528;108.1464;359.8801;66.21735;1.228146
/home/penn/robotics-nd/RoboND-Rover-Project/data/IMG/robocam_2018_12_13_16_27_21_844.jpg;2.82884;1;0;5.003757;125.3787;108.421;359.981;66.81604;1.133924
/home/penn/robotics-nd/RoboND-Rover-Project/data/IMG/robocam_2018_12_13_16_27_21_910.jpg;2.836179;1;0;5.011622;125.5005;108.6979;0.08182509;67.22945;1.013791
/home/penn/robotics-nd/RoboND-Rover-Project/data/IMG/robocam_2018_12_13_16_27_21_977.jpg;5.84758;1;0;5.011579;125.6552;109.0698;0.2014683;67.96066;0.9511885
/home/penn/robotics-nd/RoboND-Rover-Project/data/IMG/robocam_2018_12_13_16_27_22_043.jpg;8.843179;1;0;5.019871;125.7647;109.3515;0.2984622;68.9142;0.9861555
/home/penn/robotics-nd/RoboND-Rover-Project/data/IMG/robocam_2018_12_13_16_27_22_110.jpg;11.82938;1;0;5.011187;125.8688;109.6322;0.2656193;70.23236;0.9800648
/home/penn/robotics-nd/RoboND-Rover-Project/data/IMG/robocam_2018_12_13_16_27_22_177.jpg;11.84256;1;0;4.994903;125.9944;110.0093;0.1108311;72.63622;1.069337
/home/penn/robotics-nd/RoboND-Rover-Project/data/IMG/robocam_2018_12_13_16_27_22_245.jpg;8.865002;1;0;5.010621;126.0804;110.2941;359.9651;74.14126;1.171643
/home/penn/robotics-nd/RoboND-Rover-Project/data/IMG/robocam_2018_12_13_16_27_22_310.jpg;11.84657;1;0;5.015179;126.1616;110.5834;359.9918;75.46329;1.227671
/home/penn/robotics-nd/RoboND-Rover-Project/data/IMG/robocam_2018_12_13_16_27_22_377.jpg;14.86791;1;0;5.00474;126.2597;110.971;-0.004108399;77.47807;1.1636
/home/penn/robotics-nd/RoboND-Rover-Project/data/IMG/robocam_2018_12_13_16_27_22_443.jpg;15;1;0;5.020703;126.322;111.265;0.02016093;79.34593;1.12433
/home/penn/robotics-nd/RoboND-Rover-Project/data/IMG/robocam_2018_12_13_16_27_22_509.jpg;15;1;0;5.008958;126.373;111.5604;0.01335862;81.30581;1.179542
/home/penn/robotics-nd/RoboND-Rover-Project/data/IMG/robocam_2018_12_13_16_27_22_577.jpg;15;1;0;5.007873;126.4288;111.9562;0.01476908;83.95227;1.161823
/home/penn/robotics-nd/RoboND-Rover-Project/data/IMG/robocam_2018_12_13_16_27_22_644.jpg;11.99225;1;0;5.009086;126.4591;112.2545;0.0131106;85.84446;1.155231
/home/penn/robotics-nd/RoboND-Rover-Project/data/IMG/robocam_2018_12_13_16_27_22_710.jpg;11.95858;1;0;5.010723;126.4806;112.5537;0.0115062;87.49358;1.153497
/home/penn/robotics-nd/RoboND-Rover-Project/data/IMG/robocam_2018_12_13_16_27_22_777.jpg;14.96237;1;0;5.009272;126.494;112.9533;0.008284737;89.80891;1.172085
/home/penn/robotics-nd/RoboND-Rover-Project/data/IMG/robocam_2018_12_13_16_27_22_844.jpg;15;1;0;5.009544;126.493;113.253;0.005905227;91.69427;1.1773
/home/penn/robotics-nd/RoboND-Rover-Project/data/IMG/robocam_2018_12_13_16_27_22_910.jpg;11.97469;1;0;5.008316;126.4832;113.5526;-0.005373948;93.53976;1.15138
/home/penn/robotics-nd/RoboND-Rover-Project/data/IMG/robocam_2018_12_13_16_27_22_977.jpg;8.990296;1;0;5.008239;126.4552;113.952;0.01015892;95.60782;1.180619
/home/penn/robotics-nd/RoboND-Rover-Project/data/IMG/robocam_2018_12_13_16_27_23_044.jpg;5.971652;1;0;5.009902;126.4275;114.2508;0.005239509;96.77567;1.139068
/home/penn/robotics-nd/RoboND-Rover-Project/data/IMG/robocam_2018_12_13_16_27_23_110.jpg;5.978272;1;0;5.009484;126.3933;114.5493;0.004560445;97.64072;1.109363
/home/penn/robotics-nd/RoboND-Rover-Project/data/IMG/robocam_2018_12_13_16_27_23_178.jpg;8.953314;1;0;5.011698;126.3376;114.9459;0.01026996;98.90506;1.112625
/home/penn/robotics-nd/RoboND-Rover-Project/data/IMG/robocam_2018_12_13_16_27_23_244.jpg;11.94144;1;0;5.010527;126.2881;115.242;0.01043505;100.1508;1.132946
/home/penn/robotics-nd/RoboND-Rover-Project/data/IMG/robocam_2018_12_13_16_27_23_310.jpg;8.91573;1;0;5.010234;126.2325;115.5369;0.01081708;101.4947;1.137618
/home/penn/robotics-nd/RoboND-Rover-Project/data/IMG/robocam_2018_12_13_16_27_23_376.jpg;5.919049;1;0;5.011207;126.1503;115.9287;0.006936111;102.9681;1.100515
/home/penn/robotics-nd/RoboND-Rover-Project/data/IMG/robocam_2018_12_13_16_27_23_444.jpg;2.924888;1;0;5.010478;126.0832;116.2218;0.01740322;103.7253;1.070039
/home/penn/robotics-nd/RoboND-Rover-Project/data/IMG/robocam_2018_12_13_16_27_23_508.jpg;0;1;0;5.012032;126.013;116.5144;0.03833723;104.1466;1.031916
/home/penn/robotics-nd/RoboND-Rover-Project/data/IMG/robocam_2018_12_13_16_27_23_575.jpg;2.91555;1;0;5.011584;125.9154;116.9041;0.0921995;104.5382;0.9875386
/home/penn/robotics-nd/RoboND-Rover-Project/data/IMG/robocam_2018_12_13_16_27_23_642.jpg;5.906117;1;0;5.011411;125.8381;117.1956;0.149466;105.0586;0.9812891
/home/penn/robotics-nd/RoboND-Rover-Project/data/IMG/robocam_2018_12_13_16_27_23_710.jpg;5.902641;1;0;5.011297;125.7566;117.486;0.2093799;105.8673;1.003325
/home/penn/robotics-nd/RoboND-Rover-Project/data/IMG/robocam_2018_12_13_16_27_23_776.jpg;2.867839;1;0;5.010713;125.6449;117.8711;0.235777;106.7912;0.9692334
/home/penn/robotics-nd/RoboND-Rover-Project/data/IMG/robocam_2018_12_13_16_27_23_845.jpg;0;1;0;5.011147;125.5597;118.1591;0.2182267;107.1487;0.8897032
/home/penn/robotics-nd/RoboND-Rover-Project/data/IMG/robocam_2018_12_13_16_27_23_909.jpg;3.014417;1;0;5.00536;125.4707;118.4472;0.2619953;107.4222;0.8637109
/home/penn/robotics-nd/RoboND-Rover-Project/data/IMG/robocam_2018_12_13_16_27_23_977.jpg;6.005927;1;0;5.015929;125.3468;118.8301;0.3607268;108.1177;0.8867382
/home/penn/robotics-nd/RoboND-Rover-Project/data/IMG/robocam_2018_12_13_16_27_24_043.jpg;9.015484;1;0;5.005571;125.2497;119.115;0.4012451;109.0475;0.9114568
/home/penn/robotics-nd/RoboND-Rover-Project/data/IMG/robocam_2018_12_13_16_27_24_110.jpg;9.004465;1;0;5.005405;125.1484;119.3968;0.330724;110.3931;0.9032161
/home/penn/robotics-nd/RoboND-Rover-Project/data/IMG/robocam_2018_12_13_16_27_24_177.jpg;5.985596;1;0;5.003849;125.0057;119.7673;0.1860918;111.793;0.9736969
/home/penn/robotics-nd/RoboND-Rover-Project/data/IMG/robocam_2018_12_13_16_27_24_243.jpg;6.056643;1;0;5.012143;124.8935;120.0442;0.08605875;112.6814;1.045411
/home/penn/robotics-nd/RoboND-Rover-Project/data/IMG/robocam_2018_12_13_16_27_24_310.jpg;9.018498;1;0;5.010631;124.7766;120.3188;359.9799;113.6351;1.138626
/home/penn/robotics-nd/RoboND-Rover-Project/data/IMG/robocam_2018_12_13_16_27_24_377.jpg;12.03804;1;0;5.007484;124.6121;120.6841;0.008205218;115.217;1.187751
/home/penn/robotics-nd/RoboND-Rover-Project/data/IMG/robocam_2018_12_13_16_27_24_443.jpg;12.02873;1;0;5.009096;124.4827;120.9549;0.01233015;116.6602;1.128545
/home/penn/robotics-nd/RoboND-Rover-Project/data/IMG/robocam_2018_12_13_16_27_24_510.jpg;9.033036;1;0;5.010692;124.3459;121.2219;0.0008811211;118.1017;1.111988
/home/penn/robotics-nd/RoboND-Rover-Project/data/IMG/robocam_2018_12_13_16_27_24_577.jpg;6.031945;1;0;5.010855;124.1547;121.5738;0.00749141;119.6496;1.103638
/home/penn/robotics-nd/RoboND-Rover-Project/data/IMG/robocam_2018_12_13_16_27_24_644.jpg;2.980363;1;0;5.011451;124.0065;121.8351;0.006970502;120.4404;1.088008
/home/penn/robotics-nd/RoboND-Rover-Project/data/IMG/robocam_2018_12_13_16_27_24_710.jpg;3.021712;1;0;5.011594;123.8554;122.0951;0.01801996;120.9157;1.053604
/home/penn/robotics-nd/RoboND-Rover-Project/data/IMG/robocam_2018_12_13_16_27_24_777.jpg;6.004179;1;0;5.011343;123.6476;122.4383;0.05087112;121.6948;1.057931
/home/penn/robotics-nd/RoboND-Rover-Project/data/IMG/robocam_2018_12_13_16_27_24_844.jpg;9.0172;1;0;5.011487;123.4872;122.6924;0.05762301;122.6018;1.079162
/home/penn/robotics-nd/RoboND-Rover-Project/data/IMG/robocam_2018_12_13_16_27_24_910.jpg;6.011828;1;0;5.011356;123.3235;122.9438;0.03833535;123.601;1.085635
/home/penn/robotics-nd/RoboND-Rover-Project/data/IMG/robocam_2018_12_13_16_27_24_977.jpg;3.015994;1;0;5.012083;123.1009;123.2761;0.003295379;124.5874;1.061199
/home/penn/robotics-nd/RoboND-Rover-Project/data/IMG/robocam_2018_12_13_16_27_25_043.jpg;0;1;0;5.011568;122.931;123.5243;0.0109596;124.9548;1.034801
/home/penn/robotics-nd/RoboND-Rover-Project/data/IMG/robocam_2018_12_13_16_27_25_110.jpg;0;1;0;5.011589;122.7595;123.7721;0.05242926;125.0888;0.9965994
/home/penn/robotics-nd/RoboND-Rover-Project/data/IMG/robocam_2018_12_13_16_27_25_177.jpg;0;1;0;5.012053;122.529;124.1028;0.1706245;125.1452;0.9194979
/home/penn/robotics-nd/RoboND-Rover-Project/data/IMG/robocam_2018_12_13_16_27_25_243.jpg;0;1;0;5.004414;122.3554;124.351;0.3039019;125.153;0.8408175
/home/penn/robotics-nd/RoboND-Rover-Project/data/IMG/robocam_2018_12_13_16_27_25_310.jpg;0;1;0;5.006023;122.1812;124.5996;0.4625531;125.1568;0.7345386
/home/penn/robotics-nd/RoboND-Rover-Project/data/IMG/robocam_2018_12_13_16_27_25_377.jpg;-3.012024;1;0;5.016789;121.9502;124.9322;0.6886134;124.9339;0.5221921
/home/penn/robotics-nd/RoboND-Rover-Project/data/IMG/robocam_2018_12_13_16_27_25_443.jpg;-6.005745;1;0;5.008147;121.7795;125.1839;0.8825633;124.3971;0.2956502
/home/penn/robotics-nd/RoboND-Rover-Project/data/IMG/robocam_2018_12_13_16_27_25_508.jpg;-2.94705;1;0;5.008445;121.6106;125.4373;1.099633;123.7614;0.03315814
/home/penn/robotics-nd/RoboND-Rover-Project/data/IMG/robocam_2018_12_13_16_27_25_574.jpg;-0.06705523;1;0;5.011695;121.385;125.7736;1.329143;123.3277;359.8422
/home/penn/robotics-nd/RoboND-Rover-Project/data/IMG/robocam_2018_12_13_16_27_25_642.jpg;0;1;0;5.010136;121.2157;126.0226;1.344445;123.2465;359.8708
/home/penn/robotics-nd/RoboND-Rover-Project/data/IMG/robocam_2018_12_13_16_27_25_709.jpg;0;1;0;4.962696;121.0488;126.2716;1.315768;123.2658;359.9153
/home/penn/robotics-nd/RoboND-Rover-Project/data/IMG/robocam_2018_12_13_16_27_25_777.jpg;0;1;0;5.006983;120.8265;126.6055;1.326514;123.3;359.9584
/home/penn/robotics-nd/RoboND-Rover-Project/data/IMG/robocam_2018_12_13_16_27_25_844.jpg;0;1;0;5.03143;120.66;126.8561;1.348641;123.4101;359.9926
/home/penn/robotics-nd/RoboND-Rover-Project/data/IMG/robocam_2018_12_13_16_27_25_910.jpg;0;1;0;5.007493;120.4934;127.1077;1.392976;123.4124;-0.004937791
/home/penn/robotics-nd/RoboND-Rover-Project/data/IMG/robocam_2018_12_13_16_27_25_977.jpg;0;1;0;5.026312;120.2717;127.4428;1.450883;123.4938;-0.004971597
/home/penn/robotics-nd/RoboND-Rover-Project/data/IMG/robocam_2018_12_13_16_27_26_044.jpg;0;1;0;5.01429;120.1051;127.6947;1.507435;123.4895;-0.003865997
/home/penn/robotics-nd/RoboND-Rover-Project/data/IMG/robocam_2018_12_13_16_27_26_110.jpg;0;1;0;5.010499;119.9395;127.9457;1.478772;123.4857;-0.002527772
/home/penn/robotics-nd/RoboND-Rover-Project/data/IMG/robocam_2018_12_13_16_27_26_177.jpg;0;1;0;5.006265;119.7205;128.2789;1.394305;123.4786;-0.001514963
/home/penn/robotics-nd/RoboND-Rover-Project/data/IMG/robocam_2018_12_13_16_27_26_244.jpg;0;1;0;5.013953;119.5556;128.5303;1.373687;123.4493;-0.001437741
/home/penn/robotics-nd/RoboND-Rover-Project/data/IMG/robocam_2018_12_13_16_27_26_310.jpg;0;1;0;5.023582;119.391;128.7816;1.364373;123.416;-0.001238456
/home/penn/robotics-nd/RoboND-Rover-Project/data/IMG/robocam_2018_12_13_16_27_26_377.jpg;0;1;0;5.01408;119.1712;129.1178;1.386086;123.3745;-0.00147199
/home/penn/robotics-nd/RoboND-Rover-Project/data/IMG/robocam_2018_12_13_16_27_26_443.jpg;0;1;0;5.005681;119.0066;129.3699;1.410905;123.3354;-0.001166582
/home/penn/robotics-nd/RoboND-Rover-Project/data/IMG/robocam_2018_12_13_16_27_26_510.jpg;0;1;0;4.982933;118.842;129.6223;1.444724;123.2902;-0.001494472
/home/penn/robotics-nd/RoboND-Rover-Project/data/IMG/robocam_2018_12_13_16_27_26_577.jpg;-2.996285;1;0;5.009257;118.6237;129.9601;1.502682;123.0358;-0.0006689215
/home/penn/robotics-nd/RoboND-Rover-Project/data/IMG/robocam_2018_12_13_16_27_26_644.jpg;-6.013448;1;0;5.019517;118.4628;130.214;1.467741;122.4908;0.001478928
/home/penn/robotics-nd/RoboND-Rover-Project/data/IMG/robocam_2018_12_13_16_27_26_709.jpg;-8.986012;1;0;5.01174;118.3059;130.4687;1.393678;121.6264;0.0002520445
/home/penn/robotics-nd/RoboND-Rover-Project/data/IMG/robocam_2018_12_13_16_27_26_777.jpg;-8.990067;1;0;5.014591;118.1035;130.8137;1.32968;120.0455;359.8919
/home/penn/robotics-nd/RoboND-Rover-Project/data/IMG/robocam_2018_12_13_16_27_26_844.jpg;-5.990907;1;0;5.00151;117.956;131.0742;1.265022;118.964;359.749
/home/penn/robotics-nd/RoboND-Rover-Project/data/IMG/robocam_2018_12_13_16_27_26_908.jpg;-2.982928;1;0;5.011899;117.8101;131.334;1.085481;118.0573;359.7127
/home/penn/robotics-nd/RoboND-Rover-Project/data/IMG/robocam_2018_12_13_16_27_26_977.jpg;0;1;0;5.010895;117.6216;131.6834;0.8729815;117.5261;359.5728
/home/penn/robotics-nd/RoboND-Rover-Project/data/IMG/robocam_2018_12_13_16_27_27_044.jpg;-1.531756;1;0;5.011692;117.4818;131.9473;0.7533625;117.3704;359.4607
/home/penn/robotics-nd/RoboND-Rover-Project/data/IMG/robocam_2018_12_13_16_27_27_110.jpg;-4.517012;1;0;5.01171;117.3439;132.2123;0.6456907;117.0848;359.3595
/home/penn/robotics-nd/RoboND-Rover-Project/data/IMG/robocam_2018_12_13_16_27_27_177.jpg;-4.507731;1;0;5.01607;117.1645;132.5679;0.5051409;116.311;359.2263
/home/penn/robotics-nd/RoboND-Rover-Project/data/IMG/robocam_2018_12_13_16_27_27_244.jpg;-1.507359;1;0;5.012635;117.0316;132.8351;0.3718799;115.8419;359.1933
/home/penn/robotics-nd/RoboND-Rover-Project/data/IMG/robocam_2018_12_13_16_27_27_309.jpg;0;1;0;5.011523;116.8999;133.1037;0.2869368;115.6425;359.1602
/home/penn/robotics-nd/RoboND-Rover-Project/data/IMG/robocam_2018_12_13_16_27_27_376.jpg;0;1;0;5.011532;116.725;133.4637;0.2520009;115.5712;359.1378
/home/penn/robotics-nd/RoboND-Rover-Project/data/IMG/robocam_2018_12_13_16_27_27_441.jpg;0;1;0;5.011554;116.5939;133.7352;0.2878938;115.5591;359.1441
/home/penn/robotics-nd/RoboND-Rover-Project/data/IMG/robocam_2018_12_13_16_27_27_508.jpg;-3.048835;1;0;5.01711;116.4635;134.0072;0.3521488;115.4462;359.1688
/home/penn/robotics-nd/RoboND-Rover-Project/data/IMG/robocam_2018_12_13_16_27_27_578.jpg;-6.01038;1;0;5.006042;116.2936;134.3721;0.4514318;114.7852;359.1867
/home/penn/robotics-nd/RoboND-Rover-Project/data/IMG/robocam_2018_12_13_16_27_27_644.jpg;-6.064281;1;0;5.017151;116.17;134.647;0.4912454;113.9656;359.2045
/home/penn/robotics-nd/RoboND-Rover-Project/data/IMG/robocam_2018_12_13_16_27_27_710.jpg;-3.076193;1;0;5.01333;116.0492;134.9224;0.504675;113.2549;359.2233
/home/penn/robotics-nd/RoboND-Rover-Project/data/IMG/robocam_2018_12_13_16_27_27_777.jpg;-0.05128384;1;0;5.013353;115.8906;135.2905;0.5273998;112.8402;359.2614
/home/penn/robotics-nd/RoboND-Rover-Project/data/IMG/robocam_2018_12_13_16_27_27_845.jpg;-1.498947;1;0;5.013977;115.7727;135.5676;0.5605358;112.7052;359.3083
/home/penn/robotics-nd/RoboND-Rover-Project/data/IMG/robocam_2018_12_13_16_27_27_910.jpg;-4.498107;1;0;5.018696;115.6569;135.8461;0.6168128;112.4076;359.3327
/home/penn/robotics-nd/RoboND-Rover-Project/data/IMG/robocam_2018_12_13_16_27_27_977.jpg;-7.497354;1;0;5.0201;115.5078;136.219;0.6711625;111.5382;359.3344
/home/penn/robotics-nd/RoboND-Rover-Project/data/IMG/robocam_2018_12_13_16_27_28_044.jpg;-10.52977;1;0;5.033459;115.401;136.5001;0.6583928;110.2487;359.343
/home/penn/robotics-nd/RoboND-Rover-Project/data/IMG/robocam_2018_12_13_16_27_28_110.jpg;-10.50719;1;0;5.008471;115.3032;136.7819;0.5639054;108.834;359.245
/home/penn/robotics-nd/RoboND-Rover-Project/data/IMG/robocam_2018_12_13_16_27_28_177.jpg;-7.538713;1;0;5.010812;115.1799;137.1589;0.3566471;107.0982;359.1186
/home/penn/robotics-nd/RoboND-Rover-Project/data/IMG/robocam_2018_12_13_16_27_28_243.jpg;-4.528942;1;0;5.016452;115.0931;137.4429;0.1573573;106.0573;359.0255
/home/penn/robotics-nd/RoboND-Rover-Project/data/IMG/robocam_2018_12_13_16_27_28_310.jpg;-4.528942;1;0;5.011333;115.0106;137.7287;359.985;105.3784;358.9018
/home/penn/robotics-nd/RoboND-Rover-Project/data/IMG/robocam_2018_12_13_16_27_28_377.jpg;-4.521925;1;0;5.008047;114.9044;138.1149;359.9902;104.5793;358.8231
/home/penn/robotics-nd/RoboND-Rover-Project/data/IMG/robocam_2018_12_13_16_27_28_444.jpg;-1.537035;1;0;5.016918;114.8265;138.4058;0.01711149;104.1412;358.891
/home/penn/robotics-nd/RoboND-Rover-Project/data/IMG/robocam_2018_12_13_16_27_28_509.jpg;0;1;0;5.011452;114.7507;138.6969;0.02938981;103.9389;358.9787
/home/penn/robotics-nd/RoboND-Rover-Project/data/IMG/robocam_2018_12_13_16_27_28_577.jpg;0;1;0;5.011514;114.6523;139.0872;0.1215937;103.8511;359.0784
/home/penn/robotics-nd/RoboND-Rover-Project/data/IMG/robocam_2018_12_13_16_27_28_644.jpg;0;1;0;5.016375;114.5791;139.3815;0.263135;103.8348;359.1483
/home/penn/robotics-nd/RoboND-Rover-Project/data/IMG/robocam_2018_12_13_16_27_28_709.jpg;0;1;0;5.011399;114.5057;139.6756;0.40529;103.8472;359.2609
/home/penn/robotics-nd/RoboND-Rover-Project/data/IMG/robocam_2018_12_13_16_27_28_776.jpg;0;1;0;5.005483;114.4079;140.0688;0.6470256;103.8566;359.4324
/home/penn/robotics-nd/RoboND-Rover-Project/data/IMG/robocam_2018_12_13_16_27_28_844.jpg;0;1;0;5.016347;114.3344;140.364;0.8471751;103.8674;359.576
/home/penn/robotics-nd/RoboND-Rover-Project/data/IMG/robocam_2018_12_13_16_27_28_910.jpg;0.008229017;1;0;5.014221;114.2601;140.6591;1.054625;103.9753;359.7386
/home/penn/robotics-nd/RoboND-Rover-Project/data/IMG/robocam_2018_12_13_16_27_28_975.jpg;0;1;0;5.001276;114.1608;141.0526;1.342184;104.0816;359.9586
/home/penn/robotics-nd/RoboND-Rover-Project/data/IMG/robocam_2018_12_13_16_27_29_044.jpg;0;1;0;5.01309;114.0881;141.3481;1.537638;104.0752;-0.0003562986
/home/penn/robotics-nd/RoboND-Rover-Project/data/IMG/robocam_2018_12_13_16_27_29_110.jpg;0;1;0;5.008688;114.0167;141.6406;1.505184;104.0518;-0.002111084
/home/penn/robotics-nd/RoboND-Rover-Project/data/IMG/robocam_2018_12_13_16_27_29_176.jpg;0;1;0;4.996541;113.9222;142.0268;1.402419;104.0147;-0.001331312
/home/penn/robotics-nd/RoboND-Rover-Project/data/IMG/robocam_2018_12_13_16_27_29_244.jpg;0;1;0;5.011387;113.8508;142.3185;1.375234;103.9773;-0.001207717
/home/penn/robotics-nd/RoboND-Rover-Project/data/IMG/robocam_2018_12_13_16_27_29_310.jpg;0;1;0;5.009953;113.7794;142.6107;1.368945;103.954;-0.001663079
/home/penn/robotics-nd/RoboND-Rover-Project/data/IMG/robocam_2018_12_13_16_27_29_378.jpg;0;1;0;5.017656;113.6843;143.001;1.387488;103.9642;-0.003738049
/home/penn/robotics-nd/RoboND-Rover-Project/data/IMG/robocam_2018_12_13_16_27_29_443.jpg;0;1;0;4.987953;113.6134;143.2933;1.404094;103.7522;-0.001988342
/home/penn/robotics-nd/RoboND-Rover-Project/data/IMG/robocam_2018_12_13_16_27_29_509.jpg;0;1;0;5.016915;113.5427;143.5862;1.437892;103.7007;-0.0009530715
/home/penn/robotics-nd/RoboND-Rover-Project/data/IMG/robocam_2018_12_13_16_27_29_575.jpg;0;1;0;4.99536;113.4489;143.9773;1.494309;103.6279;-0.00181973
/home/penn/robotics-nd/RoboND-Rover-Project/data/IMG/robocam_2018_12_13_16_27_29_642.jpg;0;1;0;5.008958;113.3791;144.2699;1.492617;103.5951;-0.004231391
/home/penn/robotics-nd/RoboND-Rover-Project/data/IMG/robocam_2018_12_13_16_27_29_710.jpg;0;1;0;4.981135;113.3099;144.5612;1.420925;103.5654;-0.001372983
/home/penn/robotics-nd/RoboND-Rover-Project/data/IMG/robocam_2018_12_13_16_27_29_777.jpg;0;1;0;5.010211;113.2177;144.9507;1.367857;103.5169;-0.0012652
/home/penn/robotics-nd/RoboND-Rover-Project/data/IMG/robocam_2018_12_13_16_27_29_843.jpg;0;1;0;5.016913;113.1486;145.2435;1.357594;103.4902;-0.001587384
/home/penn/robotics-nd/RoboND-Rover-Project/data/IMG/robocam_2018_12_13_16_27_29_910.jpg;0;1;0;5.015961;113.0797;145.5362;1.356278;103.4437;-0.001420877
/home/penn/robotics-nd/RoboND-Rover-Project/data/IMG/robocam_2018_12_13_16_27_29_976.jpg;0;1;0;5.01633;112.9879;145.9273;1.386607;103.4044;-0.0016243
/home/penn/robotics-nd/RoboND-Rover-Project/data/IMG/robocam_2018_12_13_16_27_30_043.jpg;0;1;0;4.998691;112.9193;146.2202;1.411018;103.3437;-0.0004549458
/home/penn/robotics-nd/RoboND-Rover-Project/data/IMG/robocam_2018_12_13_16_27_30_109.jpg;0;1;0;5.013976;112.8508;146.514;1.45304;103.3086;-0.001435188
/home/penn/robotics-nd/RoboND-Rover-Project/data/IMG/robocam_2018_12_13_16_27_30_177.jpg;0;1;0;5.006371;112.7598;146.9057;1.514571;103.2545;-0.001044397
/home/penn/robotics-nd/RoboND-Rover-Project/data/IMG/robocam_2018_12_13_16_27_30_243.jpg;0;1;0;5.028263;112.6921;147.1987;1.485872;103.2359;-0.001481609
/home/penn/robotics-nd/RoboND-Rover-Project/data/IMG/robocam_2018_12_13_16_27_30_309.jpg;0;1;0;5.016333;112.6247;147.4907;1.421979;103.2318;-0.001372023
/home/penn/robotics-nd/RoboND-Rover-Project/data/IMG/robocam_2018_12_13_16_27_30_378.jpg;0;1;0;5.014922;112.5349;147.881;1.378995;103.1828;-0.001314018
/home/penn/robotics-nd/RoboND-Rover-Project/data/IMG/robocam_2018_12_13_16_27_30_443.jpg;0;1;0;5.003566;112.4676;148.1737;1.364367;103.1564;-0.001497743
/home/penn/robotics-nd/RoboND-Rover-Project/data/IMG/robocam_2018_12_13_16_27_30_509.jpg;0;1;0;5.014144;112.4003;148.4672;1.372101;103.1236;-0.001330948
/home/penn/robotics-nd/RoboND-Rover-Project/data/IMG/robocam_2018_12_13_16_27_30_577.jpg;0;1;0;5.00586;112.3107;148.8586;1.401197;103.0781;-0.001279456
/home/penn/robotics-nd/RoboND-Rover-Project/data/IMG/robocam_2018_12_13_16_27_30_644.jpg;0;1;0;5.029188;112.2437;149.1524;1.433164;103.0411;-0.001490688
/home/penn/robotics-nd/RoboND-Rover-Project/data/IMG/robocam_2018_12_13_16_27_30_709.jpg;0;1;0;5.009166;112.1768;149.4466;1.476642;103.0092;-0.001568196
/home/penn/robotics-nd/RoboND-Rover-Project/data/IMG/robocam_2018_12_13_16_27_30_777.jpg;0;1;0;5.019695;112.0883;149.8379;1.483931;102.9491;-0.003983736
/home/penn/robotics-nd/RoboND-Rover-Project/data/IMG/robocam_2018_12_13_16_27_30_844.jpg;-1.48986;1;0;5.038681;112.0227;150.1295;1.406177;102.8431;-0.001245257
/home/penn/robotics-nd/RoboND-Rover-Project/data/IMG/robocam_2018_12_13_16_27_30_910.jpg;-4.520563;1;0;5.010449;111.9585;150.4228;1.364371;102.536;-0.000573258
/home/penn/robotics-nd/RoboND-Rover-Project/data/IMG/robocam_2018_12_13_16_27_30_977.jpg;-7.484447;1;0;5.017276;111.8771;150.8153;1.341995;101.6347;-0.001354723
/home/penn/robotics-nd/RoboND-Rover-Project/data/IMG/robocam_2018_12_13_16_27_31_044.jpg;-10.49581;1;0;4.988387;111.8217;151.1102;1.323679;100.5211;359.9296
/home/penn/robotics-nd/RoboND-Rover-Project/data/IMG/robocam_2018_12_13_16_27_31_110.jpg;-13.501;1;0;5.016497;111.7733;151.4062;1.28563;99.02707;359.7519
/home/penn/robotics-nd/RoboND-Rover-Project/data/IMG/robocam_2018_12_13_16_27_31_177.jpg;-15;1;0;4.988841;111.7197;151.7972;0.9625579;96.32303;359.5518
/home/penn/robotics-nd/RoboND-Rover-Project/data/IMG/robocam_2018_12_13_16_27_31_244.jpg;-15;1;0;5.01929;111.6924;152.0904;0.6229025;94.11996;359.2785
/home/penn/robotics-nd/RoboND-Rover-Project/data/IMG/robocam_2018_12_13_16_27_31_310.jpg;-15;1;0;5.010847;111.6754;152.3822;0.1919878;91.92676;358.9346
/home/penn/robotics-nd/RoboND-Rover-Project/data/IMG/robocam_2018_12_13_16_27_31_377.jpg;-15;1;0;5.006831;111.6649;152.7744;359.7999;89.27094;358.5847
/home/penn/robotics-nd/RoboND-Rover-Project/data/IMG/robocam_2018_12_13_16_27_31_443.jpg;-15;1;0;5.00066;111.6647;153.0733;359.7831;87.51781;358.4999
/home/penn/robotics-nd/RoboND-Rover-Project/data/IMG/robocam_2018_12_13_16_27_31_509.jpg;-15;1;0;5.000672;111.6726;153.3764;0.008623554;85.79645;358.5957
/home/penn/robotics-nd/RoboND-Rover-Project/data/IMG/robocam_2018_12_13_16_27_31_575.jpg;-15;1;0;5.02361;111.6991;153.7775;0.1377766;83.06821;358.8493
/home/penn/robotics-nd/RoboND-Rover-Project/data/IMG/robocam_2018_12_13_16_27_31_642.jpg;-15;1;0;5.011897;111.7366;154.0742;0.07247692;80.56584;358.8957
/home/penn/robotics-nd/RoboND-Rover-Project/data/IMG/robocam_2018_12_13_16_27_31_710.jpg;-15;1;0;5.008573;111.7886;154.3679;359.9924;78.23621;358.7751
/home/penn/robotics-nd/RoboND-Rover-Project/data/IMG/robocam_2018_12_13_16_27_31_777.jpg;-15;1;0;5.015704;111.8725;154.758;359.9765;75.50283;358.6735
/home/penn/robotics-nd/RoboND-Rover-Project/data/IMG/robocam_2018_12_13_16_27_31_844.jpg;-15;1;0;5.002613;111.9461;155.0495;0.0222164;73.58398;358.7018
/home/penn/robotics-nd/RoboND-Rover-Project/data/IMG/robocam_2018_12_13_16_27_31_910.jpg;-15;1;0;5.003177;112.0289;155.3369;-0.004055572;71.66259;358.7686
/home/penn/robotics-nd/RoboND-Rover-Project/data/IMG/robocam_2018_12_13_16_27_31_977.jpg;-15;1;0;5.028064;112.1573;155.7159;0.01401826;68.98038;358.8265
/home/penn/robotics-nd/RoboND-Rover-Project/data/IMG/robocam_2018_12_13_16_27_32_044.jpg;-15;1;0;5.006907;112.266;155.9951;0.00901697;66.92943;358.8287
/home/penn/robotics-nd/RoboND-Rover-Project/data/IMG/robocam_2018_12_13_16_27_32_110.jpg;-15;1;0;5.009042;112.385;156.2704;0.01796953;64.90574;358.7952
/home/penn/robotics-nd/RoboND-Rover-Project/data/IMG/robocam_2018_12_13_16_27_32_177.jpg;-15;1;0;5.00423;112.5572;156.6304;359.9933;62.32233;358.7961
/home/penn/robotics-nd/RoboND-Rover-Project/data/IMG/robocam_2018_12_13_16_27_32_244.jpg;-15;1;0;5.007961;112.6966;156.8967;0.02446918;60.35488;358.8665
/home/penn/robotics-nd/RoboND-Rover-Project/data/IMG/robocam_2018_12_13_16_27_32_310.jpg;-15;1;0;5.008851;112.8474;157.1556;0.01252862;58.29324;358.8086
/home/penn/robotics-nd/RoboND-Rover-Project/data/IMG/robocam_2018_12_13_16_27_32_377.jpg;-11.99008;0.7993386;0;5.007721;113.0588;157.4942;359.9927;55.77581;358.8435
